"id_produk","nama_produk","harga"
KLBF_001,Fitbar,10000
KLBF_002,Hydro Coco,7000
KLBF_003,Diabetasol,23000
KLBF_004,Prenagen,24000
KLBF_005,Zee,14000
KLBF_006,HiC1000,8000
KLBF_007,Slim&Fit,70000
KLBF_008,Fiber Shot,9000
KLBF_009,Benecol,10000
KLBF_010,Milna,34000
KLBF200,Antangin,8000
