"kode_opname","id_produk","jumlah_stok"
KO_001,KLBF_001,6
KO_001,KLBF_002,7
KO_002,KLBF_003,7
KO_002,KLBF_004,123
KO_002,KLBF_005,123
KO_002,KLBF_006,13
KO_003,KLBF_007,130
KO_003,KLBF_008,1
KO_003,KLBF_009,14
KO_003,KLBF_010,140
